Maestro, Arthur Richards, 676149227925, 01/23, CVV: 084
Maestro, Marissa Richardson, 502045005092, 12/26, CVV: 434
VISA, Terry Clayton, 4584264685664789433, 05/25, CVC: 180
VISA, Emma Arnold, 4727896535016419, 04/23, CVC: 691
VISA, Peter Fox, 4526428258730696, 09/22, CVC: 219
VISA, Tammy Farrell, 4682511870101501590, 12/25, CVC: 117
VISA, Robert Colon, 4399334471491617, 06/31, CVC: 338
JCB, Melanie Williams, 3593552788903646, 10/22, CVC: 937
VISA, Eric Perkins, 4597614156933676784, 11/30, CVC: 761
Maestro, Kathy Jones, 676154397795, 10/27, CVV: 438
Diners Club / Carte Blanche, Amy Carr, 36749877607119, 08/25, CVC: 717
JCB, James Diaz, 213139676028342, 11/30, CVC: 002
VISA, Sarah Simon, 4831168193773, 09/22, CVC: 063
VISA, Breanna Mcdonald, 4556075292602827388, 06/29, CVC: 596
American Express, Thomas Peterson, 346187237076938, 01/24, CID: 8342
VISA, Amy Dean, 4155404453522, 03/30, CVC: 829
Maestro, Crystal Watson, 630417936592, 05/31, CVV: 576
Mastercard, Raymond Brown, 2251468298060386, 09/25, CVV: 433
Maestro, Megan Fuentes, 676374096482, 10/22, CVV: 258
Discover, Steve Molina, 6011154186950332, 06/26, CVC: 179
VISA, Sheri Kane, 4581393911585311, 04/31, CVC: 471
Discover, Scott White, 6011624820367713, 12/28, CVC: 684
VISA, Lindsey Sims, 4614213648965142, 06/32, CVC: 989
Diners Club / Carte Blanche, Mason Clark, 30202740819814, 05/26, CVC: 889
VISA, Eric Turner, 4663564879289203198, 04/24, CVC: 965
Mastercard, Eric Adams, 2717050632695024, 09/28, CVV: 365
JCB, Lawrence Macdonald, 3518039540683387, 02/30, CVC: 390
Discover, David Thompson, 6011810048264275, 07/28, CVC: 881
VISA, Leslie Yang, 4168453366487, 06/31, CVC: 249
Diners Club / Carte Blanche, Anna Martinez, 38782306092692, 11/30, CVC: 861
VISA, Mariah Jackson, 4523232583945, 06/26, CVC: 302
Discover, Brenda Ward, 6011276564944288, 01/29, CVC: 333
VISA, Christopher Clark, 4065048392515733, 04/29, CVC: 988
American Express, Robert Moore, 375915393136540, 04/27, CID: 3649
VISA, James Glover, 4125303929161, 09/26, CVC: 268
VISA, Thomas Travis, 4943190843463, 03/27, CVC: 411
JCB, Martin Reed, 3576065348494908, 05/27, CVC: 464
Mastercard, Peter Roach, 5402883849140803, 06/29, CVV: 747
Discover, Tammy Hernandez, 6011175921914630, 05/30, CVC: 104
Maestro, Ryan Barnes, 580653926262, 04/32, CVV: 229
VISA, Eileen Knight, 4441991798010, 08/26, CVC: 714
Maestro, Travis Watson, 503897419365, 04/31, CVV: 441
VISA, Daniel Pollard, 4547670982724975, 06/25, CVC: 603
VISA, Michelle Smith, 4783444725309491, 04/26, CVC: 754
JCB, Dominique Hebert, 3592057419680986, 04/27, CVC: 053
JCB, Elizabeth Morgan, 213188448617247, 02/30, CVC: 200
VISA, Allison Miller, 4823050720900523, 09/23, CVC: 880
Diners Club / Carte Blanche, Nathan Brown, 30258622189924, 05/32, CVC: 841
Mastercard, Shawn Scott, 2273838772400486, 01/31, CVV: 999
JCB, Robert Robinson, 180065815782169, 08/23, CVC: 325
VISA, Angela Hoffman, 4495547380840611044, 11/27, CVC: 960
JCB, Tim Saunders, 3525597483645680, 09/23, CVC: 010
VISA, Susan Barton, 4009782062861808, 11/30, CVC: 222
VISA, William Smith, 4896013187874, 03/26, CVC: 846
Mastercard, Anne Flores, 2238412148659813, 02/23, CVV: 462
VISA, Megan Reyes, 4969297174108841427, 04/31, CVC: 639
JCB, Christopher Chapman, 213127373365786, 10/31, CVC: 063
JCB, Garrett Simmons, 3504536748670658, 03/29, CVC: 471
VISA, Jessica Atkins, 4603344837718, 01/24, CVC: 472
Diners Club / Carte Blanche, George Fisher, 30212213251221, 11/30, CVC: 187
JCB, Paul Rodriguez, 180058422874438, 02/30, CVC: 264
VISA, Anna Padilla, 4706913095604834, 06/25, CVC: 255
VISA, Gregory Burns, 4602445318551331, 03/31, CVC: 980
VISA, Charlotte Jones, 4489891168305, 01/23, CVC: 404
VISA, Erika Norman, 4664939402916603, 02/24, CVC: 971
JCB, Kyle Johnson, 213182553877449, 08/29, CVC: 164
Discover, Ray Gonzalez, 6011364732389907, 12/27, CVC: 894
American Express, Brandon Manning, 374744060655173, 10/27, CID: 0344
American Express, Joshua Davis, 345905057490595, 10/31, CID: 4381
Mastercard, Sonia Rodriguez, 2225342769687576, 11/26, CVV: 142
JCB, Patricia Kelly, 3591076666574578, 08/22, CVC: 179
VISA, John Quinn, 4290926888877322265, 12/23, CVC: 469
American Express, Amy Barnes, 370431522562767, 09/24, CID: 1794
JCB, Jason Greene, 3518798951409380, 01/23, CVC: 270
Diners Club / Carte Blanche, Heidi Shepard, 30296704791670, 11/31, CVC: 070
Mastercard, Laura Torres, 2457199233375413, 08/31, CVV: 738
Diners Club / Carte Blanche, Tracy Obrien, 30443349514881, 11/26, CVC: 945
VISA, Emily Johnson, 4681511933243812, 09/22, CVC: 600
VISA, Candace Williams, 4656688603004798, 02/30, CVC: 928
American Express, Robert Crosby, 375523679872745, 01/29, CID: 3457
American Express, Timothy Nixon, 346047103910026, 08/29, CID: 5973
Mastercard, Michael Martin, 2275013575384877, 10/22, CVV: 550
JCB, Hannah Ruiz, 213132209469828, 08/31, CVC: 265
JCB, Kimberly Newman, 213135764854722, 06/28, CVC: 895
Diners Club / Carte Blanche, Cynthia Perez, 30156880701242, 04/25, CVC: 272
VISA, John Stephens, 4889634602488380188, 05/27, CVC: 979
Diners Club / Carte Blanche, Rachel Jones, 30201414030153, 01/31, CVC: 810
Diners Club / Carte Blanche, Justin Williams, 30265273673882, 07/28, CVC: 793
VISA, Amanda Lyons, 4285471718742068, 02/30, CVC: 447
Mastercard, Kimberly Ramsey, 2261751180546986, 11/27, CVV: 473
VISA, Michael Wolfe, 4741608180472, 12/22, CVC: 243
VISA, Kristina Moore, 4288327276602698580, 05/28, CVC: 630
JCB, Adam Mitchell, 213104492096741, 03/29, CVC: 868
VISA, Teresa Stanley, 4847785511459971, 01/25, CVC: 298
American Express, Kyle Vasquez, 348301975031942, 09/25, CID: 8252
JCB, Matthew Oliver, 3511144454555584, 05/25, CVC: 539
VISA, Kenneth Bush, 4700952197723150077, 04/26, CVC: 459
Maestro, Andrew Shelton, 675992722891, 03/28, CVV: 503
JCB, John Whitaker, 3566442952951006, 01/30, CVC: 047
VISA, Samuel Coleman, 4180461398959948, 02/28, CVC: 554
JCB, Mary Cox, 180048014960935, 05/26, CVC: 403
VISA, Kayla Keith, 4736050533798, 07/22, CVC: 359
JCB, Cassandra Campbell, 3591753710777395, 01/29, CVC: 454
JCB, Gregory Morales, 3500672671089501, 04/24, CVC: 874
Maestro, Ashley White, 501812051511, 07/27, CVV: 142
JCB, Rodney Brown, 213145896915796, 06/32, CVC: 879
American Express, Francis Dickerson, 343405329142936, 04/23, CID: 2878
VISA, Amy Francis, 4979103863877413607, 11/25, CVC: 882
VISA, Shannon Davis, 4439845979075729236, 03/29, CVC: 020
VISA, Erin Simmons, 4078626351425, 03/23, CVC: 719
VISA, Anthony Mitchell, 4851608231304389, 10/28, CVC: 113
JCB, Stephen Young, 213158162164932, 02/26, CVC: 487
Discover, Christopher Adams, 6011862264274074, 05/28, CVC: 398
VISA, Leslie Gibbs, 4176421070785071018, 05/24, CVC: 709
Mastercard, Andrea Lee, 2713003193882121, 09/25, CVV: 355
Discover, Samuel Acosta, 6577933177076512, 06/26, CVC: 044
VISA, Christopher Harrison, 4986981548171, 08/31, CVC: 809
JCB, Mary Mason, 3519080440330108, 09/26, CVC: 221
JCB, Austin Davis, 3526141215523904, 01/30, CVC: 812
Diners Club / Carte Blanche, Debra Cross, 30124281405938, 08/23, CVC: 292
Mastercard, Crystal Pollard, 2228680258993386, 02/25, CVV: 710
Mastercard, Nathaniel Perez, 2225190780738898, 03/29, CVV: 464
JCB, Benjamin Ramirez, 180037555077779, 12/31, CVC: 927
VISA, Stephanie Combs, 4099189762692924, 03/31, CVC: 449
JCB, Phillip Marshall, 3577247578569067, 02/31, CVC: 062
JCB, Calvin Reynolds, 180011828774710, 11/24, CVC: 665
Mastercard, Christopher Rasmussen, 5552462007478418, 08/29, CVV: 909
VISA, Erin Guerra, 4195408052979, 09/23, CVC: 950
American Express, Juan Parker, 341916753393441, 02/23, CID: 1081
VISA, Gwendolyn Gentry, 4274301294002, 02/31, CVC: 921
VISA, Allison Tate, 4745014709843269610, 03/26, CVC: 350
Diners Club / Carte Blanche, Catherine Flores, 30568498428101, 10/23, CVC: 949
American Express, Clarence Fleming, 372098919596043, 06/27, CID: 4042
VISA, Maria Harrison, 4062302788910, 02/27, CVC: 881
Mastercard, Dana Cook, 2236492334614618, 10/27, CVV: 409
VISA, Jose Pena, 4646904851793, 01/29, CVC: 259
JCB, Jared Ray, 180044941205973, 11/27, CVC: 432
American Express, Melanie Cole, 342112180029498, 07/29, CID: 8775
VISA, Anthony Beck, 4795848341221334, 07/26, CVC: 617
Diners Club / Carte Blanche, Suzanne Patrick, 30027707789225, 08/26, CVC: 912
VISA, Rachel Gibbs, 4941971957915623158, 05/25, CVC: 819
JCB, Christian Brady, 3576893813776040, 09/25, CVC: 699
JCB, Erica Hall, 3554238496776097, 07/28, CVC: 983
VISA, Gabriela Carlson, 4438584167389243, 11/30, CVC: 316
Discover, Katherine Garcia, 6011423604871374, 02/24, CVC: 769
VISA, David Fox, 4151095783003683, 02/27, CVC: 006
Maestro, Katie Brown, 501820070883, 06/29, CVV: 198
American Express, Joshua Jordan, 346732591359410, 01/25, CID: 6859
Discover, Amber Wagner, 6011277329519241, 08/29, CVC: 289
Mastercard, Carol Hernandez, 2290252636104491, 04/32, CVV: 806
JCB, Matthew Boone, 3561646846493877, 04/28, CVC: 924
VISA, Frank Wright, 4996278865410500, 11/26, CVC: 775
VISA, Anthony Johnson, 4666684419753266088, 06/25, CVC: 055
Discover, Troy Diaz, 6543677962336828, 06/30, CVC: 652
VISA, Joyce Stafford, 4894701181529797, 04/32, CVC: 276
VISA, Audrey Cummings, 4957411440422040491, 10/23, CVC: 512
Maestro, Jeremy Lucas, 675952907359, 10/28, CVV: 891
American Express, Steve Garcia, 373108727182586, 10/30, CID: 9045
Diners Club / Carte Blanche, Michelle Reese, 30060502428186, 01/32, CVC: 708
Diners Club / Carte Blanche, Kristen Walters, 30153743730906, 04/23, CVC: 709
American Express, Mary Figueroa, 378212547839139, 11/27, CID: 3180
JCB, Mark Mckay, 3554074190134790, 01/27, CVC: 918
Mastercard, Ryan Smith, 2700663228450643, 04/26, CVV: 725
JCB, Sara Daugherty, 3585736999927862, 04/30, CVC: 404
Discover, Stephen Cooper, 6508005056902854, 09/22, CVC: 562
Discover, Anne Baker, 6011217605420607, 07/26, CVC: 425
Diners Club / Carte Blanche, Jessica Ramsey, 30096226269126, 04/32, CVC: 682
Maestro, Mindy Bullock, 630487684403, 07/28, CVV: 885
Diners Club / Carte Blanche, Joseph Garza, 30200091301119, 10/28, CVC: 262
VISA, Amanda Jordan, 4225055515448, 03/27, CVC: 751
JCB, Heidi Marks, 3502902693029336, 09/28, CVC: 641
American Express, Kimberly Washington, 345051919439445, 08/29, CID: 3324
American Express, Kristy Johnson, 373593761700874, 10/23, CID: 0243
American Express, Mark Petersen, 343612717197550, 03/23, CID: 7784
VISA, Deborah Delgado, 4331717403446553, 02/30, CVC: 701
American Express, Russell Fletcher, 340631293101086, 02/23, CID: 5876
Maestro, Allison Gonzalez, 502050244099, 10/24, CVV: 227
Mastercard, Audrey Santos, 5519892157342646, 06/31, CVV: 442
VISA, Barbara Long, 4165045265136, 01/32, CVC: 331
Mastercard, Michael Jackson, 2720468122217395, 07/29, CVV: 880
Discover, Zachary Lopez, 6011029711792419, 05/29, CVC: 062
VISA, Chris Lucas, 4804199104770814731, 02/25, CVC: 088
Mastercard, Paula Williams, 2232724051869544, 03/23, CVV: 138
Maestro, Robert Francis, 501870659767, 02/26, CVV: 599
Diners Club / Carte Blanche, Kathryn Roberts, 30144777719048, 09/25, CVC: 448
JCB, James Donovan, 3556331050778142, 11/22, CVC: 149
JCB, Dwayne Durham, 3552693250004395, 06/28, CVC: 210
American Express, Dawn Johnson, 341216095088852, 06/29, CID: 7280
VISA, Anita Rodriguez, 4478539631212, 04/25, CVC: 120
JCB, Darrell Mcdaniel, 3526870586181732, 08/31, CVC: 990
Maestro, Lindsay James, 501803269205, 08/28, CVV: 838
American Express, Alicia Smith, 374595839275705, 05/32, CID: 2356
VISA, Tammy Mitchell, 4106864463843221, 08/31, CVC: 809
Maestro, Adrian Berry, 501847453070, 06/30, CVV: 217
Mastercard, Michelle Williams, 5118919951649382, 07/30, CVV: 010
VISA, Lori Morris, 4177082317436845, 08/25, CVC: 708
Diners Club / Carte Blanche, Pamela Hines, 30138428673877, 01/32, CVC: 837
Discover, Amanda Williams, 6518085320795225, 12/22, CVC: 673
Diners Club / Carte Blanche, Katrina Macias, 30249815951188, 02/30, CVC: 039
JCB, Amanda Maxwell, 213146529157137, 04/24, CVC: 663
JCB, Jonathan Gonzalez, 180043063047023, 02/29, CVC: 771
American Express, Corey Myers, 375809801258550, 08/23, CID: 9210
VISA, Joshua Anderson, 4487982235793, 04/30, CVC: 533
American Express, David Clark, 371868329024666, 02/26, CID: 5622
American Express, Scott Yates, 370677914632648, 03/30, CID: 6032
VISA, Kyle Davis, 4375999088018421, 12/31, CVC: 813
Maestro, Samantha Lee, 639091389408, 02/31, CVV: 210
JCB, Sarah Miller, 3569258859563125, 01/27, CVC: 763
JCB, Tyler Moreno, 3517525322444205, 08/26, CVC: 855
Discover, Barbara Guerra, 6511857351717667, 03/30, CVC: 095
VISA, Melissa Miller, 4799171811352331, 04/30, CVC: 875
VISA, Pamela Pierce, 4749914139561, 06/23, CVC: 200
Discover, Kevin Sanchez, 6011274626844786, 05/30, CVC: 558
Maestro, Daniel Jordan, 580211868865, 03/31, CVV: 376
VISA, Brian White, 4186470167530, 03/25, CVC: 646
JCB, Yolanda Cooper, 3547348196004219, 04/25, CVC: 836
VISA, Dustin Hess, 4618768749681134, 10/27, CVC: 097
Discover, Monica Harmon, 6011778143827900, 07/31, CVC: 596
Maestro, Christopher Gill, 676322352052, 06/28, CVV: 529
JCB, Stephanie Fuentes, 3594717127575947, 11/25, CVC: 565
Mastercard, Nicole Smith, 5285057735122306, 02/30, CVV: 030
JCB, John Andrews, 180002594039370, 02/29, CVC: 917
JCB, Ariel Harris, 213160317568215, 06/24, CVC: 902
VISA, Patrick Meyer, 4462456565669246, 09/24, CVC: 926
Discover, Frank Day, 6011422907849905, 06/24, CVC: 282
JCB, Meagan Campbell, 3553394347385496, 01/24, CVC: 230
JCB, Lisa Long, 3555257347525338, 08/23, CVC: 914
VISA, Julia Porter, 4289103688391, 10/29, CVC: 587
VISA, Brent Johnson, 4071554221058185, 02/28, CVC: 838
Diners Club / Carte Blanche, Vincent Buchanan, 38248567090809, 10/22, CVC: 158
Diners Club / Carte Blanche, Wyatt Martin, 38033121294802, 06/32, CVC: 067
VISA, Mike Cox, 4541014811421550, 05/32, CVC: 605
VISA, Jennifer Stewart, 4204871038382818, 06/31, CVC: 692
VISA, Christopher Robertson, 4129894441905712, 03/28, CVC: 369
Diners Club / Carte Blanche, Melanie Gonzalez, 30178481939237, 04/31, CVC: 730
VISA, Shannon Cooper, 4292591564850052, 07/30, CVC: 585
JCB, Cynthia Pruitt, 180027761764575, 03/29, CVC: 185
Discover, Patrick Shaw, 6011220618709255, 11/28, CVC: 950
VISA, Amanda Brown, 4607050821745688, 02/32, CVC: 539
VISA, Michael Kramer, 4712305155566082137, 09/24, CVC: 510
JCB, Ronald Perez, 213189085812687, 09/25, CVC: 895
JCB, Brenda Lee, 3558924202458924, 06/29, CVC: 454
Diners Club / Carte Blanche, Shari Wade, 30361953809597, 01/30, CVC: 415
Maestro, Jacqueline Richardson, 060432575912, 01/24, CVV: 840
VISA, Lindsay Peck, 4019888538100404, 10/31, CVC: 452
JCB, Keith Green, 180015486946908, 06/27, CVC: 296
JCB, Dylan Rodriguez, 3508388960311942, 07/32, CVC: 168
Maestro, Andrew Williams, 675979885257, 03/25, CVV: 042
JCB, Jennifer Carter, 3518952931608203, 05/23, CVC: 272
JCB, Greg Parker, 213132486059474, 10/28, CVC: 078
JCB, Kyle Blair, 213127954579706, 06/26, CVC: 666
JCB, Gregory Barnes, 180043997307162, 06/29, CVC: 318
Discover, Kara Johnson, 6538210725388337, 08/22, CVC: 458
VISA, Angela Carlson, 4458938147464119, 09/25, CVC: 790
American Express, Stephanie Esparza, 345164140467869, 04/25, CID: 7152
Diners Club / Carte Blanche, Andrew Nelson, 30207076608459, 06/27, CVC: 129
Mastercard, Richard Lynch, 2686227474561731, 02/26, CVV: 866
JCB, Justin Lee, 3588306003232761, 06/28, CVC: 242
VISA, Tim Bailey, 4912867348065948, 03/24, CVC: 146
VISA, Daniel Johnson, 4832995152498470, 09/27, CVC: 574
Mastercard, Patrick Christensen, 2228353528151678, 08/28, CVV: 981
American Express, Lisa Ayers, 344175423429948, 05/31, CID: 7190
JCB, Summer Kelly, 3559296860459224, 01/24, CVC: 152
Diners Club / Carte Blanche, Jeanette Drake, 30469750853021, 06/29, CVC: 585
VISA, Rebecca Smith, 4730272897726787029, 09/26, CVC: 132
Diners Club / Carte Blanche, Heather Morgan, 30141133646774, 10/27, CVC: 854
Mastercard, Patricia Fuller, 5553493083146024, 11/26, CVV: 404
JCB, Michelle Scott, 3543043183412376, 10/31, CVC: 104
VISA, Brianna Young, 4874368207721081, 02/29, CVC: 471
JCB, Leslie Hardy, 3577675213192327, 01/28, CVC: 447
Discover, Jonathon Rios, 6562439693649730, 12/22, CVC: 614
VISA, Anthony Little, 4484936601139, 11/24, CVC: 294
VISA, Wendy Perry, 4327392154792563177, 01/31, CVC: 854
JCB, Angela Wells, 3561422859425168, 01/28, CVC: 033
JCB, Charles Johnson, 3508165159552720, 05/26, CVC: 421
American Express, Amanda Duran, 370968159164656, 04/23, CID: 4852
VISA, Brandi Hicks, 4131183947653323, 06/24, CVC: 736
VISA, Chase Webb, 4802872641308, 02/30, CVC: 656
Mastercard, Christopher Gordon, 2698173785605757, 04/26, CVV: 353
JCB, Nancy Weaver, 3527212197625642, 08/23, CVC: 020
VISA, Alexis King, 4957179118856720, 03/26, CVC: 751
American Express, Michael Collins, 371400141082183, 02/24, CID: 1601
Diners Club / Carte Blanche, Stephanie Chandler, 38141067120012, 08/30, CVC: 616
VISA, Ronald Chavez, 4515083053234, 06/29, CVC: 366
Mastercard, Robert Gomez, 2706907024787615, 04/30, CVV: 519
American Express, Ashley Wilson, 341956328457735, 01/30, CID: 2989
JCB, Carol Adams, 3551659174493783, 07/29, CVC: 640
VISA, Stephanie Jones, 4402590082978939, 04/27, CVC: 249
VISA, Kelly Holloway, 4403248349191768063, 05/26, CVC: 433
VISA, Daniel Gutierrez, 4524949184663588, 03/31, CVC: 940
JCB, James Cortez, 213186086116266, 10/31, CVC: 612
VISA, Kristina Lewis, 4023690919205891, 11/25, CVC: 840
VISA, Margaret Hartman, 4237509600411935, 02/24, CVC: 193
Discover, Heidi Smith, 6556554602792021, 10/28, CVC: 313
Diners Club / Carte Blanche, Erica Gardner, 30542819583779, 05/27, CVC: 316
JCB, Valerie Jordan, 3534339318338994, 08/30, CVC: 752
VISA, Brenda Schneider, 4429550634655944707, 02/25, CVC: 080
VISA, Luis Medina, 4623160119132, 06/28, CVC: 873
VISA, Terri Nguyen, 4930204394981406, 06/23, CVC: 700
JCB, Herbert Perry, 3539106472651206, 09/27, CVC: 403
VISA, Lauren Johnson, 4824059180392393, 03/23, CVC: 776
Diners Club / Carte Blanche, Ann Smith, 30392187013847, 01/28, CVC: 614
Diners Club / Carte Blanche, Deborah Martin, 36772992152050, 11/22, CVC: 989
VISA, Patrick Middleton, 4420963218067448, 05/32, CVC: 700
American Express, Hannah Cooper, 379026968822559, 06/24, CID: 6427
Discover, Nicholas Flores, 6011111981592107, 08/24, CVC: 823
American Express, Joseph Chen, 340787609953519, 11/29, CID: 7459
VISA, Colin Nguyen, 4734662796136903, 03/32, CVC: 479
VISA, Gina Patel, 4916267094233046, 01/23, CVC: 021
JCB, Susan Conrad, 213117042600291, 11/29, CVC: 199
VISA, Christina Liu, 4844619285048038, 06/27, CVC: 635
VISA, Lucas Kelly, 4865994404905, 07/30, CVC: 819
JCB, Thomas Ward, 3545010524765604, 02/32, CVC: 310
Diners Club / Carte Blanche, Stephen Lopez, 30444047866060, 06/29, CVC: 373
VISA, Luis Hoffman, 4926564352994519, 12/26, CVC: 812
Diners Club / Carte Blanche, Julie Robbins, 30033662980262, 09/28, CVC: 046
VISA, Corey Morton, 4827567280577408961, 12/27, CVC: 123
VISA, Vanessa Hill, 4117821569111934, 12/27, CVC: 141
JCB, Stephanie Singleton, 213139499204427, 02/28, CVC: 228
Mastercard, Roger Rodriguez, 2710566542515868, 09/27, CVV: 833
VISA, Diana Short, 4247976882939, 02/32, CVC: 456
VISA, Jesse Torres, 4415495988335520, 06/29, CVC: 760
Discover, Debbie Bush, 6585648831375627, 08/29, CVC: 941
JCB, Charles Crawford, 213196125718105, 01/31, CVC: 299
American Express, Justin Macdonald, 371926587471761, 12/22, CID: 5157
VISA, Brandon Smith, 4469020825542305, 12/29, CVC: 929
Discover, Cynthia Wilson, 6547857212746846, 10/23, CVC: 942
VISA, Jeremy Butler, 4239767698223402763, 05/26, CVC: 260
Diners Club / Carte Blanche, Mary Smith, 30563981572135, 05/23, CVC: 550
VISA, Lisa Davis, 4147996003310654897, 12/23, CVC: 842
VISA, Kimberly Meza, 4111854021562391981, 10/23, CVC: 762
Maestro, Jorge Massey, 676218406111, 10/22, CVV: 935
Diners Club / Carte Blanche, Jose Clark, 30587251696118, 03/23, CVC: 239
VISA, Nichole Marks, 4513246581985992164, 06/27, CVC: 515
VISA, Cheyenne Martinez, 4161331215046103230, 12/25, CVC: 442
Mastercard, Vicki Bennett, 2279030746343497, 11/31, CVV: 385
Maestro, Julian Mccarty, 675907597917, 05/23, CVV: 199
Mastercard, Patricia Anderson, 2694389861212979, 12/22, CVV: 862
Maestro, Holly Hoffman, 561120422408, 11/30, CVV: 277
Maestro, Anna Sutton, 503835885883, 11/28, CVV: 076
VISA, Brandon Warren, 4975830910322026, 07/27, CVC: 671
Discover, Diana Kelley, 6571351410141215, 10/24, CVC: 927
Maestro, Amy Parker, 574185087669, 03/25, CVV: 178
VISA, Katrina Ferguson, 4479339159750, 11/31, CVC: 529
American Express, Kelly Mitchell, 346905252160885, 06/26, CID: 6340
VISA, Kevin Sanders, 4894849292489, 12/22, CVC: 293
VISA, Stephen Tucker, 4999535299267104, 05/28, CVC: 416
VISA, Shelby Bailey, 4189756774081444, 04/24, CVC: 388
Diners Club / Carte Blanche, Gary Dickerson, 30552604225015, 11/24, CVC: 589
Diners Club / Carte Blanche, Jaime Lewis, 36739223573867, 07/30, CVC: 892
Diners Club / Carte Blanche, Crystal Robinson, 30257285738696, 03/28, CVC: 282
Maestro, Jennifer Tate, 060428683142, 06/24, CVV: 307
VISA, John Miller, 4684618777748256, 10/27, CVC: 821
VISA, Christine Hampton, 4465929561306371758, 05/27, CVC: 544
Mastercard, Rachel Williams, 2331657576368503, 04/30, CVV: 268
Discover, Mark Thomas, 6523733744035750, 12/26, CVC: 587
Discover, James Moreno, 6011650078193683, 04/31, CVC: 629
Maestro, Tonya Hunter, 630444652923, 02/30, CVV: 190
Maestro, Bonnie Murillo, 503807571149, 11/22, CVV: 189
JCB, Tina Spencer, 213172527570873, 03/32, CVC: 151
JCB, Brooke Berg, 3549901724552873, 07/29, CVC: 669
American Express, Isabella Jones, 340805131920036, 07/31, CID: 2586
American Express, Christopher Simpson, 375738124919046, 12/29, CID: 4763
Maestro, Philip Davila, 675915658735, 11/23, CVV: 002
VISA, Mary Conrad, 4959414992474523850, 09/22, CVC: 192
Diners Club / Carte Blanche, David Flores, 30440478238142, 12/27, CVC: 360
Maestro, Vanessa Perez, 502083074299, 09/23, CVV: 757
JCB, Kenneth Baker, 180042675133031, 08/23, CVC: 380
American Express, Ashley Edwards, 342097526017663, 07/28, CID: 8463
Diners Club / Carte Blanche, Jennifer Ruiz, 30568982953481, 09/22, CVC: 190
Discover, Cindy Perez, 6011319862487392, 12/26, CVC: 731
VISA, Chelsea Long, 4092092209786928, 04/31, CVC: 169
VISA, Kathleen Cunningham, 4638850091229906, 03/26, CVC: 390
Discover, Karen Henson, 6011849247030764, 12/29, CVC: 630
Diners Club / Carte Blanche, Brenda Sutton, 38825402380527, 10/24, CVC: 419
VISA, Ashley Rodriguez, 4520900201028275, 04/31, CVC: 538
JCB, Shirley Brooks, 180007708518839, 07/27, CVC: 766
JCB, Lori Evans, 180081501337879, 08/30, CVC: 388
VISA, James Phillips, 4882370472248238, 03/26, CVC: 547
Maestro, Leslie Barnes, 503827914865, 11/22, CVV: 625
VISA, Donald Gill, 4573250015451834, 01/29, CVC: 312
Diners Club / Carte Blanche, Sara Gibbs, 30124500113321, 07/30, CVC: 374
American Express, Thomas Bailey, 341657503833142, 09/29, CID: 1616
Diners Club / Carte Blanche, Marc Rodriguez, 30518919465182, 09/27, CVC: 005
VISA, Sherri Knox, 4879662556789, 03/24, CVC: 365
JCB, Lisa Dickerson, 3520908364978865, 08/28, CVC: 578
JCB, Ashley Chaney, 213168182601979, 02/30, CVC: 732
VISA, Ashley Finley, 4596248820816, 06/24, CVC: 222
VISA, Aaron Williams, 4483837442208867, 12/28, CVC: 427
Discover, Grant Horn, 6011977256242002, 12/27, CVC: 080
JCB, Elizabeth Clay, 3530455244766357, 02/31, CVC: 758
Mastercard, Jon Henry, 2561031207056971, 07/28, CVV: 343
Discover, Charles Fisher, 6557932056070889, 11/25, CVC: 391
JCB, Jeanette Williams, 213115145973623, 03/26, CVC: 117
JCB, Dominic Hughes, 3589187014282345, 12/24, CVC: 500
VISA, Erin Ho, 4395892448051, 08/30, CVC: 551
JCB, David Mcbride, 3555809183181145, 02/29, CVC: 403
VISA, Linda Walker, 4705734833103509888, 05/23, CVC: 593
American Express, Joseph Ashley, 347946512043387, 03/28, CID: 0646
Maestro, Glenda Dean, 586386935744, 07/29, CVV: 687
Discover, Brendan Williams, 6519518701916050, 06/28, CVC: 600
Mastercard, Betty Barajas, 5235817961746974, 11/26, CVV: 591
VISA, Miranda Mueller, 4255979446463837, 06/24, CVC: 265
VISA, Joseph Ramirez, 4746302511138688, 03/31, CVC: 802
Mastercard, Stacy Clark, 5132403414960944, 04/27, CVV: 225
VISA, David Larsen, 4723966864926761, 08/29, CVC: 847
Discover, Marilyn Gonzalez, 6546559869157233, 12/29, CVC: 030
VISA, Michelle Olson, 4375898382301774, 01/28, CVC: 056
American Express, Sean Carter, 345635984337953, 03/31, CID: 2213
JCB, Kelly Mason, 3534313803807789, 01/24, CVC: 900
Discover, Corey Moore, 6011689894404015, 02/32, CVC: 232
American Express, Jamie Kim, 346827977829737, 08/26, CID: 6307
JCB, William Flores, 3510136538884858, 07/24, CVC: 229
Discover, Veronica Lutz, 6011451572135431, 04/32, CVC: 217
JCB, Paul Roberts, 3531117167495872, 05/27, CVC: 047
JCB, Isaac Cooper, 3505566519421089, 04/23, CVC: 540
JCB, Mary Adams, 180049216507219, 08/26, CVC: 951
VISA, Jessica Suarez, 4431421432462314, 04/23, CVC: 005
JCB, Debra Hicks, 3574139854575814, 12/26, CVC: 467
Diners Club / Carte Blanche, Katelyn Crawford, 30384571615303, 08/30, CVC: 262
VISA, Allison Wyatt, 4884643531873842, 07/25, CVC: 351
Discover, Jamie Tran, 6580969007057269, 01/23, CVC: 677
VISA, Jordan Fields, 4491444782097370, 05/27, CVC: 253
Discover, Stephanie Henderson, 6011245013986331, 05/29, CVC: 701
American Express, Tina Trujillo, 377634169737260, 04/24, CID: 8047
VISA, Christine Pacheco, 4277215678851942, 11/31, CVC: 945
Mastercard, Keith Maldonado, 2292861285045942, 01/32, CVV: 247
Mastercard, Samantha Stewart, 5126720357470286, 05/30, CVV: 333
JCB, Kenneth Graham, 3599800320223120, 03/29, CVC: 933
JCB, Yvette Wright, 3526573162226927, 10/31, CVC: 317
JCB, Laura Wilson, 180069833408955, 04/28, CVC: 276
VISA, Paula Silva, 4909539836484502, 12/24, CVC: 183
JCB, Mark Vasquez, 3586418424308849, 02/23, CVC: 259
Discover, Janet Martin, 6597729167181841, 07/24, CVC: 445
Maestro, Margaret Gentry, 675908421596, 07/22, CVV: 089
Diners Club / Carte Blanche, Scott Black, 30595495330741, 06/26, CVC: 794
JCB, Paul Vasquez, 3591409732539061, 07/24, CVC: 625
VISA, Kyle Sellers, 4893543674097937, 10/27, CVC: 296
Mastercard, Kathleen Newman, 2221096770355169, 08/30, CVV: 267
VISA, Philip Banks, 4338327245347796, 03/32, CVC: 780
JCB, Tonya Nguyen, 3551988408632357, 02/29, CVC: 507
JCB, Hannah Gonzales, 3518426188938555, 09/23, CVC: 207
JCB, Jennifer Vasquez, 3582892375620234, 02/29, CVC: 181
VISA, Kathryn Wood, 4984744761237036149, 08/22, CVC: 106
Maestro, Michael Thompson, 565353446158, 08/29, CVV: 247
American Express, Rodney Adams, 375370481127391, 05/30, CID: 1897
Maestro, Sarah Burns, 501822195373, 11/27, CVV: 871
American Express, Stacey Friedman, 374487255076116, 06/23, CID: 9132
JCB, Randy Smith, 3555230007994359, 09/27, CVC: 521
American Express, Cody Green, 376191789883314, 08/30, CID: 1484
VISA, Connor Wilson, 4785703948910517491, 03/25, CVC: 525
VISA, Stefanie Clark, 4134753111049552, 02/28, CVC: 487
VISA, Amy Sanchez, 4766241691365247, 09/31, CVC: 539
Diners Club / Carte Blanche, Christopher Smith, 30355252637733, 10/29, CVC: 386
Mastercard, Amanda Turner, 2499038517363630, 07/27, CVV: 504
VISA, Michael Castillo, 4792843846817507, 08/25, CVC: 672
Diners Club / Carte Blanche, Matthew Gutierrez, 38162091523351, 02/30, CVC: 675
VISA, Richard Conway, 4645731275096021193, 12/24, CVC: 170
VISA, Candice Gonzalez, 4791826731110154, 03/26, CVC: 126
American Express, Katherine Johnston, 370832156377309, 05/23, CID: 5360
VISA, Monica Owens, 4234575204788815, 12/25, CVC: 377
Diners Club / Carte Blanche, Jennifer Cross, 30248707509179, 12/24, CVC: 540
Discover, Karen Weiss, 6011070823551749, 03/30, CVC: 781
VISA, Matthew Shepherd, 4346298643373, 12/30, CVC: 399
Discover, Nathaniel Higgins, 6571019147248682, 04/31, CVC: 608
JCB, Brandon Spence, 3525696201627721, 03/27, CVC: 637
VISA, Daniel Bradshaw, 4629539305336, 06/24, CVC: 020
Mastercard, Jennifer Bennett, 2703456310609821, 07/24, CVV: 868
VISA, Ariel Grimes, 4490643600549394, 01/23, CVC: 133
VISA, Blake Duran, 4814389341579, 03/32, CVC: 456
American Express, Crystal Carter, 349456187063908, 03/26, CID: 9277
Discover, Ashley Caldwell, 6011760001502205, 11/30, CVC: 531
JCB, Kayla Davidson, 3591559496839477, 02/25, CVC: 351
VISA, Nicholas Schmidt, 4292190067728819028, 01/30, CVC: 325
Discover, Lisa Smith, 6011182788787653, 10/25, CVC: 794
VISA, Nancy Cruz, 4126592235289243, 12/23, CVC: 888
Mastercard, Elizabeth Wilson, 2709468712217719, 11/22, CVV: 754
American Express, Donna Powell, 343179083696474, 01/26, CID: 3019
American Express, Dawn Dominguez, 344632866417277, 10/30, CID: 3105
VISA, Regina Herrera, 4179792520723270, 08/24, CVC: 837
VISA, Paul Lee, 4075789267526556, 06/28, CVC: 282
VISA, James Moore, 4978466027611360, 03/26, CVC: 613
VISA, Mary Perez, 4402911705360, 12/31, CVC: 587
Discover, Jake Johnson, 6578144044516503, 04/26, CVC: 131
Mastercard, Carrie Franklin, 2434236180036495, 11/24, CVV: 775
American Express, John Perry, 341394574010687, 08/22, CID: 1544
JCB, Brian Tran, 180079677755338, 06/31, CVC: 771
Mastercard, Christopher Dunn, 5169205296445738, 08/30, CVV: 386
American Express, Christie Wright, 342043082322477, 10/28, CID: 7178
JCB, Keith Brown, 3546941603299900, 07/23, CVC: 995
VISA, Patrick Davis, 4661427069765, 07/22, CVC: 249
JCB, Danielle Mcdonald, 3590920854484838, 12/29, CVC: 019
American Express, Adam Madden, 345675961893867, 08/24, CID: 8028
JCB, Charles Gonzalez, 180049056000176, 10/23, CVC: 555
American Express, Diane Petty, 375396987320222, 10/31, CID: 1202
Discover, Paul Jacobs, 6011113684680130, 03/23, CVC: 669
Mastercard, Calvin Cantu, 5350370836563553, 02/26, CVV: 020
JCB, Brian Bell, 213141283889611, 07/30, CVC: 595
American Express, Jon Ingram, 379489605341526, 04/29, CID: 7196
JCB, Angela Wells, 3596495452720457, 12/25, CVC: 337
Diners Club / Carte Blanche, Stephanie Burton, 30593368050215, 07/31, CVC: 287
Mastercard, Michael Shaw, 2714171044910398, 02/32, CVV: 443
VISA, Krista Stout, 4963444207817948, 09/28, CVC: 202
Mastercard, Brett Williams, 2275920688265332, 03/25, CVV: 464
Maestro, Lori Ochoa, 501862849764, 01/23, CVV: 955
JCB, Jeffrey Vasquez, 213189893083000, 01/23, CVC: 164
VISA, Linda Berg, 4343123765242910, 11/27, CVC: 505
American Express, Daniel Carlson, 378184970439952, 08/26, CID: 1320
VISA, Courtney Jenkins, 4744864642882460, 08/28, CVC: 691
VISA, Hannah Andrade, 4019617841757289937, 04/28, CVC: 908
Discover, Melinda Mcknight, 6508567024740336, 03/26, CVC: 991
VISA, Tracy Chambers, 4245502281873887, 01/31, CVC: 930
VISA, Michael Petty, 4473511584762583, 09/27, CVC: 159
VISA, Linda Hood, 4965050852085800012, 11/27, CVC: 793
American Express, David Zuniga, 371113048986287, 10/25, CID: 7212
JCB, Leon Johnson, 3577029008855666, 04/30, CVC: 858
JCB, Erika Sims, 3513169441052146, 12/29, CVC: 165
JCB, Virginia Norton, 180029909166077, 11/24, CVC: 718
JCB, Lacey Grant, 3575920259408597, 05/28, CVC: 242
Discover, David Miranda, 6521425446824043, 04/30, CVC: 245
American Express, Bruce Mann, 342205375032572, 03/28, CID: 3975
JCB, Brian Jones, 213121339192798, 03/24, CVC: 483
Mastercard, William Moyer, 2227266507859049, 08/29, CVV: 524
Diners Club / Carte Blanche, Andrew Edwards, 36990963714472, 10/30, CVC: 434
VISA, Christian Johnson, 4512905940821, 02/26, CVC: 251
VISA, Vanessa Vega, 4070032288961006, 03/30, CVC: 434
Discover, Theresa Campos, 6011570404629764, 10/24, CVC: 765
Diners Club / Carte Blanche, Kathryn Wall, 30508917843407, 07/25, CVC: 123
Mastercard, Misty Jimenez, 5344877363481297, 12/23, CVV: 256
JCB, Mark Nelson, 3543122908091887, 12/23, CVC: 843
JCB, Ronald Thompson, 3538516969040948, 07/22, CVC: 901
American Express, Shane Moore, 344086004436634, 02/27, CID: 9050
JCB, Haley Miller, 180036363475019, 08/28, CVC: 689
VISA, Brian Perry, 4061592732653, 03/23, CVC: 560
JCB, Erica Nash, 3551247249928775, 05/26, CVC: 890
VISA, Rebecca Burch, 4875696727313, 05/25, CVC: 360
American Express, Amanda Brown, 342698440084448, 05/23, CID: 2539
VISA, Michael Estrada, 4646323772243985843, 10/31, CVC: 451
American Express, William Bruce, 370569434123952, 01/29, CID: 6838
JCB, Becky Kelley, 3507048924697023, 12/25, CVC: 478
Maestro, Charles Parker, 630467868489, 08/26, CVV: 970
Discover, Gregory Wagner, 6541360147329669, 12/28, CVC: 109
JCB, Russell Ellis, 213190755185339, 03/26, CVC: 653
JCB, Richard Mclaughlin, 3589139518566780, 07/29, CVC: 434
Mastercard, Mark Wallace, 2531316054727346, 01/25, CVV: 657
Mastercard, Erik Foster, 2294301628467311, 10/30, CVV: 869
VISA, Denise Mcmahon, 4998237312476, 07/24, CVC: 142
JCB, Tamara Frye, 3576253249997092, 08/23, CVC: 919
VISA, Jessica Curtis, 4205436156850787, 08/22, CVC: 965
Maestro, David Duncan, 563385552820, 03/32, CVV: 853
VISA, Jillian Park, 4491121099576987, 07/26, CVC: 315
VISA, Robert Grant, 4040161807751188983, 09/23, CVC: 539
VISA, Stephanie Johnson, 4071833128668373, 03/25, CVC: 546
JCB, April Holloway, 3591407305075166, 11/30, CVC: 213
Mastercard, Patricia Collins, 5404241310233029, 07/27, CVV: 503
VISA, Michael Neal, 4900516281349, 07/26, CVC: 645
VISA, Kathy Downs, 4185399907271068819, 01/27, CVC: 795
Diners Club / Carte Blanche, Julian Hall, 30178952515912, 09/31, CVC: 856
VISA, Lisa Thompson, 4927670837812361081, 09/29, CVC: 616
VISA, Eric Burns, 4201742879700053267, 05/27, CVC: 139
JCB, Ashley Phillips, 3590631111513869, 04/28, CVC: 838
JCB, Joan Rodriguez, 3555068681900841, 01/24, CVC: 177
Mastercard, Elizabeth Hall, 2246115750616555, 01/27, CVV: 056
VISA, Andrea Gross, 4048088267112, 02/28, CVC: 222
Maestro, Kimberly Dunn, 570814202687, 11/30, CVV: 706
Discover, Jesus Williams, 6011805560287076, 12/27, CVC: 570
VISA, Timothy Wilson, 4632440857863355878, 05/28, CVC: 235
VISA, Vickie Sutton, 4818602491861790115, 06/27, CVC: 668
JCB, Andrew Davis, 3558253387341667, 02/29, CVC: 408
VISA, Savannah Robertson, 4923983161265, 10/27, CVC: 927
JCB, Phillip Simpson, 180096996786455, 04/23, CVC: 450
VISA, Joseph Harris, 4522914483505491904, 12/31, CVC: 657
Maestro, Brian Deleon, 676231546083, 12/23, CVV: 408
VISA, Allison Avery, 4453476602183606, 11/27, CVC: 505
VISA, Jacob Baker, 4708059970001098, 07/27, CVC: 562
Discover, Frank Houston, 6011254305230267, 11/27, CVC: 790
JCB, Larry Morrow, 3575423701673330, 01/32, CVC: 729
JCB, Scott Hall, 3503232281638226, 02/29, CVC: 192
Diners Club / Carte Blanche, Jason Colon, 30097694042854, 02/29, CVC: 373
Maestro, Chelsea Nguyen, 503868191944, 12/27, CVV: 265
Diners Club / Carte Blanche, Deborah Rodriguez, 30025394955695, 01/27, CVC: 125
Mastercard, Michelle Walker, 2500090343390920, 08/29, CVV: 081
JCB, Zachary Schmidt, 3546645322585289, 07/26, CVC: 371
Maestro, Ashley Novak, 585130008238, 01/30, CVV: 228
VISA, Shawn Evans, 4967678599461926055, 10/27, CVC: 939
JCB, Michael Fuentes, 3591476991575169, 11/26, CVC: 099
Diners Club / Carte Blanche, Paul Brandt, 38423355411042, 03/30, CVC: 852
JCB, Jennifer Mercer, 3591713648396874, 12/29, CVC: 201
VISA, Marvin Haas, 4420569151509373973, 10/28, CVC: 971
American Express, Brett Carpenter, 340606094234310, 03/23, CID: 7369
Diners Club / Carte Blanche, Brett Ryan, 36812646158341, 11/28, CVC: 396
JCB, Alyssa Jones, 213169910744156, 06/32, CVC: 806
VISA, Eric Frost, 4223420673614965, 04/32, CVC: 897
Maestro, Angela Bowman, 503878456337, 02/30, CVV: 870
VISA, Nathaniel Wiggins, 4917016213148042, 11/25, CVC: 659
VISA, Javier Palmer, 4884351489037, 04/30, CVC: 921
JCB, Kathy Mitchell, 213171161722964, 12/23, CVC: 628
VISA, Christina Ortiz, 4888190035775434, 08/29, CVC: 981
JCB, Nicole Cox, 3594029971278747, 04/28, CVC: 522
VISA, Courtney Reyes, 4644107411238402, 11/22, CVC: 219
Maestro, Alejandra Murray, 585815871728, 11/31, CVV: 966
JCB, Jacob Brown, 3572456892373867, 01/32, CVC: 292
Diners Club / Carte Blanche, Jamie Shelton, 30585004933499, 09/23, CVC: 800
VISA, Travis Davis, 4245764138520692287, 06/24, CVC: 205
JCB, Cory Stephens, 3587665220838648, 01/27, CVC: 574
JCB, Robert Scott, 3529199177568157, 05/23, CVC: 485
Mastercard, Christopher Alexander, 2289279422271385, 02/24, CVV: 178
VISA, Timothy Manning, 4232397698544, 12/25, CVC: 999
JCB, Brandi Garcia, 3578108192175930, 11/22, CVC: 135
VISA, Daniel Lowe, 4275809346623980, 11/25, CVC: 922
Maestro, Carol Estes, 676385100224, 03/28, CVV: 667
JCB, Tonya Johnson, 3507579346531994, 09/31, CVC: 220
Diners Club / Carte Blanche, Kimberly King, 30419787385737, 03/24, CVC: 310
Maestro, Rebecca Miller, 502011056582, 07/27, CVV: 708
JCB, Eric Crawford, 3515754220847754, 10/29, CVC: 476
JCB, Jennifer Weber, 3522337887081809, 11/30, CVC: 452
VISA, Kristy Williamson, 4179143662347892, 09/30, CVC: 526
VISA, Reginald Burke, 4228874250502, 03/30, CVC: 756
VISA, Stephanie Martinez, 4741566172147723363, 05/28, CVC: 728
Diners Club / Carte Blanche, Rodney Francis, 30424212439828, 05/29, CVC: 276
American Express, Alicia Sutton, 342221559548655, 05/28, CID: 6277
Maestro, Jennifer Martin, 575283490135, 11/26, CVV: 565
American Express, Michael Day, 372307711323294, 05/29, CID: 4735
VISA, Robert Perkins, 4443098176152776, 01/29, CVC: 276
Mastercard, Erin Smith, 2706487385650835, 03/23, CVV: 177
VISA, Ryan Galloway, 4598398393409923, 10/27, CVC: 798
VISA, Tiffany Ruiz, 4859449389801427, 05/32, CVC: 570
VISA, Stacey Wheeler, 4617896988513741, 01/26, CVC: 284
American Express, Cheryl Krueger, 370374878026476, 08/22, CID: 0139
American Express, Brandon Dyer, 345878601695730, 05/24, CID: 8243
Maestro, David Anderson, 501800374461, 07/28, CVV: 287
JCB, Willie Jordan, 180034567642765, 10/27, CVC: 592
VISA, James Williams, 4263992477072534, 08/26, CVC: 728
Mastercard, Matthew Gomez, 2720714693945843, 04/25, CVV: 854
VISA, Kimberly Price, 4859119411990866, 04/29, CVC: 735
Discover, Joshua Singh, 6549829417140651, 10/25, CVC: 752
Diners Club / Carte Blanche, Stacy Kim, 36980748680932, 10/23, CVC: 265
VISA, Jesus Flowers, 4533776856373009, 10/22, CVC: 287
JCB, David Koch, 3592713967515426, 04/23, CVC: 139
JCB, Kenneth Anderson, 213141699636820, 03/24, CVC: 560
JCB, Elizabeth Wright, 3527981145111703, 03/25, CVC: 720
JCB, Brett Garcia, 3550861164829254, 01/27, CVC: 369
American Express, Jennifer Mcdowell, 372290758998949, 03/31, CID: 0481
Discover, Matthew Rivera, 6011414193924831, 03/23, CVC: 823
JCB, April Howard, 3550647856590373, 12/23, CVC: 476
JCB, Nicholas Perez, 3525474499369236, 08/30, CVC: 246
Diners Club / Carte Blanche, Michael Matthews, 30391080249698, 11/28, CVC: 074
Discover, Nicolas Reeves, 6524974611417817, 07/29, CVC: 611
VISA, Joseph Chandler, 4860421322353938, 06/28, CVC: 821
VISA, Jasmine Gray, 4821538188580524, 03/30, CVC: 677
Maestro, Stephen Garrison, 676369392680, 01/23, CVV: 966
VISA, Jennifer Smith, 4512810388274136695, 08/27, CVC: 347
VISA, Lauren Sparks, 4248207572247042, 09/27, CVC: 686
VISA, Michele Sanchez, 4073858199578118, 11/24, CVC: 065
VISA, Mark Wheeler, 4346215687050384, 08/25, CVC: 939
Discover, Oscar Spencer, 6011711303227249, 11/22, CVC: 347
JCB, Mark Harrison, 3542941080409588, 06/32, CVC: 943
VISA, Katie Williams, 4407679949201984, 03/24, CVC: 404
American Express, Fred Curtis, 372021141223061, 01/25, CID: 6226
Maestro, Jaclyn Palmer, 630488940531, 04/32, CVV: 055
JCB, Michael Summers, 3584812270210772, 05/25, CVC: 112
VISA, Kristy Williams, 4056290712182254, 01/31, CVC: 935
Discover, Jack Blanchard, 6011231566393414, 07/29, CVC: 889
American Express, John Brooks, 346642234154567, 03/23, CID: 0724
Diners Club / Carte Blanche, Robert Hill, 30558216712811, 07/31, CVC: 694
JCB, Patricia Parker, 3537559866897946, 03/24, CVC: 290
JCB, Jason Duncan, 3544246097706960, 02/26, CVC: 688
VISA, Rachel Ibarra, 4236853414349969, 12/29, CVC: 792
VISA, Tammy Valenzuela, 4827621818394, 11/29, CVC: 845
Mastercard, Joshua Boyle, 2720893437330734, 09/23, CVV: 756
JCB, Joe Taylor, 213148168359925, 07/27, CVC: 137
Mastercard, Erin Jenkins, 2702129188903599, 01/26, CVV: 642
VISA, Stephanie Kemp, 4175353369951813, 07/25, CVC: 780
Maestro, Jon Smith, 060435927425, 04/31, CVV: 798
JCB, Patricia Hernandez, 180031281379831, 05/28, CVC: 644
VISA, Mark Lara, 4176637229588, 12/23, CVC: 101
VISA, Gina Smith, 4413910727604772, 02/23, CVC: 937
American Express, Clarence Stewart, 373484481558919, 11/22, CID: 8279
Discover, Margaret Martin, 6572954333577180, 08/25, CVC: 278
JCB, Lynn Esparza, 3585245332228525, 03/30, CVC: 845
JCB, Brandon Adkins, 3552739336284111, 09/23, CVC: 351
American Express, Christopher Matthews, 378517553896678, 09/24, CID: 4542
JCB, Shelley Stanley, 213168123605287, 11/30, CVC: 300
JCB, Alexis Ingram, 180043939132454, 08/26, CVC: 327
American Express, Valerie Wise, 346206584305920, 05/31, CID: 1333
Mastercard, Michelle Sims, 2285911759140668, 01/28, CVV: 612
Discover, Barbara Elliott, 6575535098941435, 05/26, CVC: 010
JCB, Cheryl Leblanc, 3520630901624097, 07/29, CVC: 321
JCB, Frank Johnson, 3582691832843086, 10/23, CVC: 974
VISA, Debbie Smith, 4675733163275870, 11/24, CVC: 781
VISA, Adam Barron, 4174261445969611, 03/26, CVC: 977
Diners Club / Carte Blanche, Keith Christensen, 30389741360003, 01/24, CVC: 257
Mastercard, Karen Holmes, 2704082575326320, 10/24, CVV: 950
JCB, Patrick Thomas, 3519973544317007, 08/22, CVC: 315
VISA, Francisco Wheeler, 4470048998687711, 04/27, CVC: 930
American Express, Natalie Palmer, 372462809863428, 07/28, CID: 6643
VISA, Howard Thornton, 4304913264755138187, 01/25, CVC: 478
JCB, Kimberly Smith, 180098363719085, 10/31, CVC: 080
VISA, Natalie Gonzalez, 4581635562247, 10/25, CVC: 917
JCB, Kimberly Brown, 213129571899996, 04/31, CVC: 732
JCB, Stephen Roberts, 3526492328997786, 12/31, CVC: 825
JCB, Kathryn Hall, 213199209421182, 08/25, CVC: 791
Diners Club / Carte Blanche, William Huynh, 38528044442727, 03/25, CVC: 843
Discover, Dawn Roberts, 6517577539003814, 04/29, CVC: 628
JCB, Susan Allen, 3528925750350816, 06/25, CVC: 989
JCB, Helen Rodgers, 3539576459426600, 09/29, CVC: 955
Diners Club / Carte Blanche, Ronald Harper, 30341645450273, 12/24, CVC: 111
Diners Club / Carte Blanche, Christopher Perkins, 30488814907383, 04/30, CVC: 611
JCB, Shawn Blevins, 3537728628690655, 09/26, CVC: 637
JCB, Donald Anderson, 180029217186122, 10/28, CVC: 385
American Express, Sabrina Singleton, 377898264951825, 02/29, CID: 9028
JCB, Christina Hernandez, 3550201767380241, 08/28, CVC: 451
VISA, Jennifer White, 4547788873960414260, 02/27, CVC: 086
Discover, Kimberly Walker, 6581568489623249, 09/26, CVC: 781
VISA, Donald Brandt, 4750668988179, 01/26, CVC: 956
Diners Club / Carte Blanche, Kathy Long, 38458113900365, 02/24, CVC: 465
JCB, Joseph Carter, 180063363429911, 09/31, CVC: 879
VISA, Rebecca Delgado, 4273253106791229212, 05/27, CVC: 145
Discover, Brad Bell, 6011846126528777, 11/24, CVC: 866
JCB, Cody Torres, 180040279552341, 01/26, CVC: 247
Discover, Philip Moreno, 6011707722945312, 12/29, CVC: 693
JCB, Robert Morris, 3584903160286467, 02/27, CVC: 209
Mastercard, Daniel Frederick, 2232994204536866, 01/26, CVV: 025
VISA, Timothy Henry, 4406083872502, 03/24, CVC: 959
VISA, Lisa Nguyen, 4031399032920, 05/25, CVC: 451
VISA, Morgan Humphrey, 4390578714677353, 03/26, CVC: 331
Discover, Andrew Rocha, 6011088866881369, 08/30, CVC: 365
VISA, Mary Moore, 4367302868698456, 11/26, CVC: 469
VISA, John English, 4885522249626131, 04/23, CVC: 368
VISA, Alexis Santiago, 4054657396804431, 03/24, CVC: 676
JCB, Gary Zamora, 3569720873039820, 05/26, CVC: 162
VISA, Christina Mcdonald, 4971686855655885, 12/25, CVC: 157
Mastercard, Stephanie Mendez, 2644002171287166, 09/25, CVV: 013
VISA, Christopher Sims, 4814013614482, 02/24, CVC: 432
JCB, Steven Walton, 3504909218351093, 06/31, CVC: 285
Mastercard, Rhonda Miller, 2654008722605985, 11/31, CVV: 654
VISA, Robert Duarte, 4833013790578870793, 05/27, CVC: 771
JCB, Ian Molina, 3594224948561503, 05/26, CVC: 889
VISA, Angie Wang, 4957090946397678972, 06/25, CVC: 854
American Express, Margaret Taylor, 340872858539365, 01/32, CID: 9407
JCB, Thomas Rivera, 3539979605631919, 10/24, CVC: 703
JCB, Cindy Nolan, 3592582140213633, 05/29, CVC: 151
VISA, Justin Gonzalez, 4304202130320993549, 10/27, CVC: 823
Maestro, Hannah Lewis, 502041552428, 12/30, CVV: 369
VISA, Michael Jones, 4470200795996916, 06/30, CVC: 316
Discover, April Morris, 6523186885776098, 12/27, CVC: 473
JCB, Rebecca Spence, 3588279964302222, 10/31, CVC: 219
Diners Club / Carte Blanche, Kari Chan, 30472355794772, 01/24, CVC: 101
Mastercard, Jerry Reed, 5215964708304354, 03/26, CVV: 728
VISA, Deanna Brown, 4272964076981034, 03/29, CVC: 861
Maestro, Brittany Carroll, 675917400359, 11/26, CVV: 304
JCB, Lori Griffin, 180065956853183, 08/22, CVC: 217
VISA, Kelly Long, 4090293269736491063, 06/23, CVC: 858
JCB, Joshua Murillo, 3572275437433386, 12/26, CVC: 782
Discover, Carlos Brown, 6513398403763118, 03/26, CVC: 943
VISA, Derek Jenkins, 4048093047519807, 04/29, CVC: 251
Maestro, Lisa Hill, 584866256103, 02/31, CVV: 410
VISA, Laura Torres, 4457001109867120020, 02/30, CVC: 129
VISA, Kenneth Bryant, 4437932452572349, 10/26, CVC: 975
VISA, Tony Hodge, 4228497079070943995, 05/29, CVC: 515
Diners Club / Carte Blanche, Bradley Macias, 38277973293582, 04/30, CVC: 519
Mastercard, Kyle Parker, 2409166701061311, 04/27, CVV: 000
Mastercard, Joshua Barker, 2599682075328482, 11/23, CVV: 574
Maestro, Paul Pearson, 588523530917, 11/30, CVV: 384
VISA, Matthew Oneill, 4180444541107739305, 04/23, CVC: 402
VISA, Kathleen Dixon, 4947514273802536, 06/26, CVC: 146
Maestro, Curtis Dixon, 502083551361, 10/27, CVV: 967
Diners Club / Carte Blanche, Taylor Moore, 30449116457477, 05/31, CVC: 910
Mastercard, Raymond Carrillo, 2720121783735185, 01/24, CVV: 348
American Express, Erin Meyer, 377783767892819, 09/30, CID: 6757
VISA, Melissa Hawkins, 4167665507133282296, 08/22, CVC: 069
VISA, George Fitzgerald, 4835142204245255, 01/28, CVC: 486
JCB, Angela Nunez, 3536279431454963, 11/25, CVC: 369
Maestro, Reginald Solomon, 639085454085, 01/26, CVV: 594
Discover, David Hoffman, 6543059734444638, 08/28, CVC: 180
JCB, Wayne Smith, 3517165627078513, 07/25, CVC: 459
VISA, Mary Collier, 4115127846753247, 05/32, CVC: 930
VISA, Patricia Stevenson, 4561421385516, 12/30, CVC: 426
Discover, James Harding, 6011182993290618, 10/22, CVC: 106
American Express, Susan Shepard, 347931239709270, 06/30, CID: 1406
VISA, Robert Norman, 4894476357733998737, 02/32, CVC: 920
Discover, Kyle Martin, 6520451649067256, 09/31, CVC: 717
VISA, Jessica Valdez, 4869230197363091, 11/23, CVC: 497
VISA, Alicia Salazar, 4222142213152, 01/27, CVC: 617
VISA, Jasmine Anderson, 4656654109288731, 01/29, CVC: 323
VISA, Troy Bush, 4448141377280, 02/24, CVC: 667
VISA, Christopher Potts, 4848350821584480480, 12/27, CVC: 458
Diners Club / Carte Blanche, Joseph Thompson, 30455847255387, 07/28, CVC: 475
JCB, Daniel Gallegos, 180055201304231, 12/31, CVC: 942
VISA, Emily Galloway, 4163371029865847, 06/32, CVC: 186
Diners Club / Carte Blanche, Zachary Johnson, 30474303576335, 11/31, CVC: 747
Mastercard, David Ayala, 2237710259031172, 12/28, CVV: 979
VISA, James Hamilton, 4049490175449642, 11/24, CVC: 651
Maestro, Kenneth Bartlett, 503890844486, 02/27, CVV: 944
JCB, Alison Vega, 3535661957948851, 10/23, CVC: 098
Discover, Brandon Stevenson, 6580101259966563, 12/29, CVC: 353
VISA, Martha Hess, 4615391573620764, 10/28, CVC: 013
VISA, Antonio Swanson, 4828700053879, 05/24, CVC: 782
VISA, Kayla Moore, 4344489859917686, 01/23, CVC: 044
Mastercard, Elizabeth Gonzalez, 5304900408493065, 03/30, CVV: 820
Discover, Kenneth Huff, 6011336869300592, 10/22, CVC: 337
Discover, Sean Moran, 6011997455276197, 06/31, CVC: 506
Mastercard, Anne Mayer, 5186649042971191, 07/27, CVV: 869
VISA, Michael Clarke, 4998851848992956, 12/30, CVC: 362
American Express, Stephanie Smith, 342627861287313, 02/29, CID: 5107
Discover, John Green, 6011098320675505, 02/25, CVC: 382
VISA, Pamela Hernandez, 4547897875399793, 04/29, CVC: 948
Mastercard, Nicole Salazar, 2615265621046699, 07/25, CVV: 929
Mastercard, James Johnson, 2627782573955590, 06/26, CVV: 697
VISA, Jeremy Miller, 4089598746213577, 09/26, CVC: 922
VISA, Pamela Watson, 4658433151938271, 05/27, CVC: 233
Mastercard, Darius Taylor, 2593890983778054, 03/29, CVV: 673
VISA, Sarah Garner, 4627336840811198035, 10/28, CVC: 601
American Express, Jacqueline Martin, 376241670612528, 08/29, CID: 5598
JCB, Jeremy Lozano, 3523426196497100, 12/27, CVC: 287
Mastercard, James House, 2249978598762973, 10/25, CVV: 915
American Express, Walter Oconnell, 346059695586726, 12/22, CID: 6500
VISA, Nichole Rollins, 4610721456988, 08/22, CVC: 175
VISA, Kevin Rivas, 4501006029811851, 09/26, CVC: 427
JCB, Rebekah Francis, 3587632919353818, 11/27, CVC: 117
VISA, Kimberly Walker, 4424373827317304213, 06/29, CVC: 488
American Express, Rachel Fisher, 349110321870716, 02/25, CID: 3516
American Express, Phillip Kent, 375919300504683, 08/23, CID: 7287
Discover, Christopher Rogers, 6567495023641073, 01/29, CVC: 441
VISA, Tyler Davidson, 4713514693534, 05/23, CVC: 001
VISA, Xavier Mack, 4599665227705, 07/26, CVC: 669
VISA, Juan Alexander, 4114697736341, 04/26, CVC: 773
American Express, Colleen Mitchell, 348669120081800, 10/30, CID: 9467
VISA, Joyce Hughes, 4237609264739848688, 01/27, CVC: 725
Mastercard, Erin Soto, 2534023515562232, 12/27, CVV: 955
Mastercard, Amy Hudson, 2269791873480269, 06/30, CVV: 520
JCB, Carlos Medina, 213169274208228, 05/30, CVC: 136
VISA, Jonathan Cochran, 4320572245855422231, 07/25, CVC: 922
Diners Club / Carte Blanche, John Schultz, 38197031729148, 06/23, CVC: 850
Maestro, Allen Ingram, 639046883034, 03/29, CVV: 278
JCB, Erika Smith, 180053246880414, 08/23, CVC: 454
VISA, Brad Phillips, 4654547801068, 05/32, CVC: 834
JCB, Elizabeth Mills, 213119019150730, 07/26, CVC: 158
JCB, Russell Everett, 3537892342925878, 03/30, CVC: 301
VISA, Cassandra Bell, 4475838352559414, 08/27, CVC: 643
VISA, Keith Holden, 4177739228867336007, 01/28, CVC: 007
VISA, Teresa Swanson, 4799220359122, 07/24, CVC: 654
JCB, Tyler Porter, 3548169387563170, 08/23, CVC: 773
JCB, Bonnie Ibarra, 3524878438365322, 12/25, CVC: 774
VISA, Regina Gutierrez, 4707894145696807, 02/28, CVC: 874
JCB, Robert Summers, 180062114853205, 11/25, CVC: 953
VISA, Anthony Cook, 4987601163855852722, 05/23, CVC: 321
JCB, John Myers, 3585480702051690, 02/32, CVC: 997
JCB, Amber Macias, 3528959611694302, 05/26, CVC: 918
Mastercard, Mitchell Sanchez, 2702043634039611, 10/22, CVV: 294
Discover, Christian Petersen, 6537646533153473, 10/25, CVC: 069
Mastercard, Molly Flores, 2251958931709423, 10/29, CVV: 389
Discover, Brandon Padilla, 6535243012026131, 08/27, CVC: 312
Maestro, John Stokes, 503890524575, 08/29, CVV: 526
Maestro, Ashley Forbes, 503851681844, 12/26, CVV: 661
JCB, Brian Nelson, 3514490270701440, 01/29, CVC: 099
Mastercard, Timothy Young, 2530239904116679, 04/27, CVV: 763
Mastercard, Michael Brennan, 5415828942237647, 11/24, CVV: 540
JCB, Michelle Smith, 3503620200336726, 07/27, CVC: 714
VISA, Lynn Lin, 4697581396696444, 08/31, CVC: 270
Maestro, Thomas Martinez, 676312390575, 08/31, CVV: 710
VISA, Mark Navarro, 4023030923120, 10/24, CVC: 874
VISA, Maxwell Friedman, 4692978074643362752, 02/29, CVC: 160
JCB, Cole Willis, 3568014565148367, 10/28, CVC: 902
VISA, Mary Fuller, 4981532494483210471, 12/30, CVC: 487
Discover, John Harris, 6561125661478134, 10/26, CVC: 764
American Express, David Tyler, 378985966490001, 03/28, CID: 6084
JCB, Rebecca Martinez, 180060600892711, 01/25, CVC: 770
VISA, Sarah Wilkinson, 4244119999947621, 09/26, CVC: 091
Mastercard, Alexander Brock, 2640761511637984, 09/28, CVV: 466
Maestro, Kevin Fernandez, 676205283705, 03/23, CVV: 020
JCB, Ronald Flores, 213146699624619, 05/29, CVC: 767
JCB, Austin Davis, 3535176920030703, 01/25, CVC: 375
JCB, James Roberts, 3582887956983571, 05/32, CVC: 434
VISA, Joanne Craig, 4399761003488390, 11/28, CVC: 011
JCB, Kristi Evans, 3568826156259976, 03/31, CVC: 733
JCB, Kyle Johnson, 3544473972306373, 07/28, CVC: 356
American Express, Kevin Hunt, 340319880843894, 05/24, CID: 1172
VISA, Anne Barker, 4525934988435734057, 04/23, CVC: 986
Diners Club / Carte Blanche, Rachel Shea, 30157690429727, 02/28, CVC: 348
JCB, Larry Rogers, 180032785402772, 02/30, CVC: 318
Discover, Russell Edwards, 6518865675348120, 05/23, CVC: 685
VISA, Jessica Ibarra, 4699201402229043, 06/31, CVC: 053
JCB, Shelley Kelly, 3529859672593410, 10/22, CVC: 542
VISA, Ethan Bray, 4722522432990168, 02/27, CVC: 400
Discover, Daniel Parks, 6583067033858201, 06/31, CVC: 843
VISA, Tammy Scott, 4289514990383170, 10/24, CVC: 467
Diners Club / Carte Blanche, Manuel Reilly, 30087532706638, 07/30, CVC: 432
VISA, James Crawford, 4588796325482011, 09/23, CVC: 609
VISA, Gregory Ramos, 4637138635171672, 01/31, CVC: 159
VISA, Michael Welch, 4305563582286, 03/23, CVC: 460
Maestro, Nicholas Robinson, 503811740318, 02/26, CVV: 640
Diners Club / Carte Blanche, Kristin Bryant, 30376080718164, 09/24, CVC: 442
VISA, Alexandra Anderson, 4595239236423239, 05/31, CVC: 176
Discover, Brian Riddle, 6567380445789116, 08/26, CVC: 040
Maestro, Breanna Wells, 563648635305, 07/22, CVV: 490
JCB, Adam Brown, 3505683320222497, 09/24, CVC: 767
Diners Club / Carte Blanche, Melissa Young, 36672284436312, 03/27, CVC: 293
VISA, John Goodman, 4280115333303096748, 07/29, CVC: 287
JCB, Adam Bright, 3530263143280011, 09/29, CVC: 957
Discover, Denise Henderson, 6513804460013107, 05/27, CVC: 104
JCB, Kenneth Brooks, 3556857937947450, 04/26, CVC: 567
VISA, Tanya Mcintosh, 4740948821696603, 03/32, CVC: 753
VISA, Michele Thompson, 4342730869881889, 03/32, CVC: 906
Mastercard, Caleb Thompson, 2277208680928422, 08/24, CVV: 653
VISA, Jacob Miller, 4845683730380, 07/29, CVC: 335
VISA, James Wallace, 4169961308095431, 10/29, CVC: 197
Maestro, Jonathan Mills, 630405604780, 08/27, CVV: 227
VISA, Chad Pollard, 4413453982712857, 01/31, CVC: 166
JCB, Jo Cummings, 3510617278131543, 04/23, CVC: 201
Maestro, Richard Carter, 676353618967, 01/31, CVV: 818
Discover, Sierra Valenzuela, 6011754379978444, 11/26, CVC: 791
JCB, Wayne Myers, 3509952505021339, 03/29, CVC: 225
Discover, Holly Garcia, 6532392158829734, 03/27, CVC: 185
American Express, Crystal Arroyo, 374413922580348, 10/24, CID: 4915
American Express, Terri Simpson, 343563237612893, 07/22, CID: 0828
VISA, Brooke Sanchez, 4832392266061560, 10/25, CVC: 294
JCB, Jonathan Roth, 180086196003421, 01/31, CVC: 600
Maestro, Luke Curtis, 630441133927, 10/31, CVV: 181
JCB, Robert Williams, 3547317125107864, 12/29, CVC: 669
JCB, Travis Fleming, 3556146388142351, 03/30, CVC: 786
Diners Club / Carte Blanche, Karen Smith, 30036040315440, 09/22, CVC: 048
VISA, Gregory Green, 4029405803269794, 01/32, CVC: 741
Maestro, Victor Lee, 630401247626, 07/25, CVV: 027
JCB, Caleb Reeves, 3505279237602713, 06/27, CVC: 754
Discover, Kristy White, 6569400987504554, 05/27, CVC: 716
VISA, Melanie Morgan, 4855631320226, 02/28, CVC: 284
VISA, Cole Ford, 4534733549491490920, 06/23, CVC: 877
VISA, Michael Taylor, 4143847176171787, 03/31, CVC: 421
JCB, Jesse Anderson, 213121903476551, 10/31, CVC: 956
Maestro, Abigail Crawford, 676399564670, 01/24, CVV: 808
JCB, James Gill, 3573760613238765, 12/30, CVC: 957
JCB, Tammy Roberts, 3527031842977640, 11/27, CVC: 073
Discover, Hector Castaneda, 6505231860313079, 10/24, CVC: 088
Maestro, John Klein, 676252169054, 04/31, CVV: 213
JCB, Michael Wilson, 3541908180507281, 02/27, CVC: 330
Maestro, Raymond Lee, 639091661921, 03/24, CVV: 354
Diners Club / Carte Blanche, Kirsten Reyes, 30515647923565, 11/29, CVC: 710
VISA, Tonya Walter, 4621000659879934224, 08/22, CVC: 667
Discover, Dana Garrison, 6526574828468948, 06/24, CVC: 276
JCB, David Dawson, 3547286364400407, 01/25, CVC: 623
Maestro, Joseph Gallagher, 675947904727, 04/25, CVV: 327
VISA, Scott Miller, 4516677544869, 07/26, CVC: 419
VISA, Michael Miller, 4240619665506334128, 09/31, CVC: 056
VISA, Michael Morris, 4093905116685645, 03/24, CVC: 025
Mastercard, Benjamin Mason, 5115418764906504, 03/28, CVV: 288
Discover, Julie Vargas, 6011691236550067, 03/23, CVC: 157
Diners Club / Carte Blanche, Mary Lozano, 30129567372850, 04/31, CVC: 385
VISA, Cory Jones, 4973116959630, 09/29, CVC: 302
JCB, Michael Erickson, 3541636622361401, 08/30, CVC: 154
Discover, Meredith Owens, 6595918375107860, 05/24, CVC: 694
American Express, Chad Mcmillan, 344496389905832, 11/31, CID: 7091
JCB, Alex Williamson, 3540846321491307, 02/32, CVC: 313
JCB, Gary Campbell, 3542650901692195, 02/31, CVC: 204
American Express, Jennifer Johnson, 377094652999879, 10/23, CID: 9062
Diners Club / Carte Blanche, Kristin Hill, 30031103614557, 07/25, CVC: 000
Diners Club / Carte Blanche, Rebecca Frost, 36944994522859, 07/30, CVC: 347
JCB, Timothy Parks, 3574151931154992, 12/25, CVC: 150
American Express, Rebecca Moreno, 346359148615985, 07/30, CID: 7749
Diners Club / Carte Blanche, Janet Holt, 30529703629784, 02/32, CVC: 445
VISA, Catherine Thompson, 4228345397481055645, 01/28, CVC: 410
Maestro, Keith Turner, 572003011879, 06/24, CVV: 884
VISA, Erica Padilla, 4575431763086924767, 03/26, CVC: 815
Maestro, Kevin Wilson, 675902363539, 07/27, CVV: 606
Mastercard, Brittany Johnson, 2273629891073365, 08/29, CVV: 251
JCB, Marcia Owens, 3532722913211819, 08/31, CVC: 651
Diners Club / Carte Blanche, Angela Robbins, 30248227154472, 01/28, CVC: 726
JCB, Faith Miller, 180022696637228, 05/26, CVC: 061
VISA, Shawn Smith, 4164394906412956841, 11/29, CVC: 827
Mastercard, Monica Meyer, 5185968360057099, 03/25, CVV: 703
Mastercard, Richard Wade, 2276327708442272, 12/23, CVV: 859
Discover, Katrina Bradley, 6543461829306534, 02/23, CVC: 490
Discover, Chris Howe, 6543435725654171, 08/31, CVC: 255
American Express, Kathleen Ford, 341584729447996, 08/31, CID: 9885
American Express, James Fisher, 347399087894083, 01/23, CID: 2617
VISA, Natasha Johnson, 4596974408153227, 06/23, CVC: 375
JCB, Loretta Figueroa, 213196518059232, 12/23, CVC: 699
Discover, Brenda Keith, 6574749440781990, 07/31, CVC: 206
JCB, Matthew Moore, 180027785960431, 07/29, CVC: 959
Mastercard, Ann Hall, 2241155161298606, 08/27, CVV: 493
VISA, Heather Paul, 4087164198540363, 02/24, CVC: 715
JCB, Laura Johnson, 180006664520532, 11/28, CVC: 461
JCB, Deborah Bradley, 3555519971516853, 09/22, CVC: 172
Mastercard, Jodi Watson, 5572384235034126, 12/31, CVV: 132
JCB, Megan Cain, 3561774880305268, 07/29, CVC: 490
JCB, Scott Fuentes, 180024912013242, 05/26, CVC: 319
Maestro, Emily Brooks, 676174356672, 06/24, CVV: 603
JCB, Diane Russell, 3538510250373944, 01/25, CVC: 889
JCB, Christine Sims, 180024798954386, 01/31, CVC: 182
VISA, Jennifer Stephens, 4885354761088759, 12/24, CVC: 621
JCB, Oscar Moran, 3542042315881061, 11/28, CVC: 335
JCB, Randall Carter, 3596560470608107, 08/22, CVC: 079
VISA, Colleen Nguyen, 4611082322286536, 10/23, CVC: 776
VISA, Kenneth Gardner, 4017858568407418747, 02/27, CVC: 684
VISA, Erika Moody, 4878341383761433, 01/26, CVC: 494
VISA, Zachary Shelton, 4167609918774835939, 10/24, CVC: 901
Mastercard, Kathryn Lin, 2253995236878741, 02/24, CVV: 134
Discover, Austin Jacobs, 6011453374670383, 07/26, CVC: 423
JCB, Lance Weber, 3571655122997681, 03/26, CVC: 569
VISA, Benjamin Bryant, 4523442291370397, 12/27, CVC: 074
